lig_gen_fit_add_SMILES,silly
C=NC(C(O)CCC)N(CC)C(C)O(C)C,1.0
CCCOCO(C=O)CCC(C)CC,1.0
C=CCOC(O)O(C)CCC,1.0
CN(CN(CN)CCO)CO(C)C,1.0
CCC(CN(C=O)CC)CO(C)C,1.0
C=CNC(CC(C)(C)(C)Cl)N(C)C=C,1.0
C=CC(O)(O)C(=C)CO(CO)CNCCO,1.0
CCO(CO)CN=C(CCO)CNCO,1.0
CNC[N+](C)(CO(C)C)C(O)OC,1.0
C#CO(CO)CCC(C)O,1.0
CCN(C)(C)(C=O)CCC(C)CO,1.0
CCOCO(COC)C(C)CC,1.0
CCC(CNO(C)C)C(C)NCO,1.0
CCCO(C(C)CC)C(C)CO,1.0
CCC(C)C(C)OCO(C)CC,1.0
COC(C)OCO(C)CSC,1.0
CCO(C)C(O)N(C)CO,1.0
CC(CCCO(C)C)C1CcO1,1.0
CCCO(CC)C(=O)CC,1.0
CC(C)CO(C)C(N)NCCCO(C)C,1.0
C=CCO(CS(C)(O)C=O)C(C)C,1.0
CCCO(C)COC,1.0
CN(N)CNC=CO(C)C,1.0
CCO(C)CC(C)CCCC(C)OCCO,1.0
CCCCO(C)CC,1.0
[CH]=NCCN(O)ClCCC(C)=NCN,1.0
C=CO(C=C)NCN(CC)CNCC,1.0
CCO(C)C(C)O(C)CC(C)C,1.0
COCCCO(C)COO,1.0
CC(NOCO)NC(C)N(C)N(N)O(C)NCN,1.0
CC(=O)CCCO(C)CCNCCCO,1.0
CCO(CC)NNC1Oc1C(C)CCOC,1.0
CNN(C)CNC(N)O(C)COC,1.0
CNCO(C)CN(C)CC(C)O,1.0
CNCN(CO)CN(C)CO(C)NCN(C)C,1.0
CCCC(NC(NCN)N(C)N)O(C)C,1.0
C=CC(O)CCC(NO(CN)OO)c1cC1,1.0
CCC(O)C1CC1(C)C(C)(O)O(C)C,1.0
COCCO(C)C(C)CCCO,1.0
C=C(C)OCO(CC)CCC,1.0
CNCC(O)(CO(C)CCN)NC,1.0
CCCO(C)C(C)CC(C)=O,1.0
CCCC(CC)C(C)(O)CCO(C)C,1.0
CCCNC(=N)CCC(OC)O(CCC)NC,1.0
CCN(C)C(O)CN(C(N)=O)O(C)C,1.0
C=NNCO(C)O(C)N=C,1.0
COC(C=C(C=N)CN(C=N)CN)OC[SH](C)N,0.6666666666666666
CCC[SH](C)C,0.6363636363636364
C=COCC[SH](C)COCCC,0.6153846153846154
CC[SH](C)CSC(C)C(C)C,0.6
C#CN(C)NCSC[S]([CH2])CN(C)OC,0.5882352941176471
C=C(S)C(NC)SNCNCSN,0.5806451612903226
COCNNCOCNOC,0.5789473684210527
CN[SH](C)CCOCO,0.5714285714285714
CC(C)C(C)CC1C2(CNCO)C3C(SNO)C132,0.5675675675675675
CN(CN(C=O)CO)NCNCN,0.5666666666666667
CNCNC1(C)NC1(C)C,0.5555555555555556
CNCN(C)CN(C)NC,0.5555555555555556
CCCO[SH](C)C(C)C,0.5555555555555556
COCSNC(C)OC,0.55
CCC(SC)SC(CC)C(C)C,0.55
C=NC(CON(C)C)NNCOCC,0.5483870967741935
CCOC=C=CCC=O,0.5454545454545454
C=CNCNCNC(C)NCN,0.5384615384615384
CNNOCON(C)CCN(C)O,0.5384615384615384
C[SH](OCOCC=O)C(C)(N)C=O,0.5357142857142857
CC=NCCF,0.5333333333333333
C=NN(CN)C(N)N,0.5294117647058824
CCC[SH](C)C1CS1,0.5263157894736842
CNCN(C)N(Cl)C=N,0.5238095238095238
C=C[SH](C)CC(=C)CN,0.5238095238095238
CNCC=C=CCC(C)(C)N(C)C,0.52
CCNC(CNCOCO)OO,0.5185185185185185
C=CC(CC)C(=CC(C)C=S)CC,0.5185185185185185
CNCSC(C(C)OC)N(C)NC(C)C,0.5172413793103449
CCN(C)N1CNN(C(O)NO)C1,0.5161290322580645
CNCN=CNC1C2CC21CN,0.5161290322580645
C=CN(C)C(C)NCN(NCC)N(C)C(C)CN,0.5142857142857142
CCC(CC(N)O)C(NCO)[SH](C)C(CO)NC,0.5142857142857142
C=CNC(C)COCNNC(C)N(C)OCC,0.5
CCC1NC(N(C)NC(C)N(N)COCN)O1,0.5
CCOCNC(CC)OC(C)NC,0.5
CCNCC=C=CNC(C)CC,0.5
CCC(=CO)N(CC)N(OC)C(=N)CCC=O,0.5
C=CNCOC(C)(NC(NN)NCOC)N(CCC)N=C,0.5
CCCOCNCOCON(C)C,0.5
CC.CO,0.5
CNC(NC)NS,0.5
COCC(C)(C)C(O)C(C)C(NC=N)C(O)O,0.5
CC,0.5
CC(O)(CC=O)NCNCNCOCO,0.5
C.CC,0.5
CCNCCCNCNCC,0.5
CCNN(CCC(=NCO)C(C)=NC)OC,0.4857142857142857
[CH]=NCCC(OCC=O)OC(C)C(C)CN,0.4857142857142857
OC1C=CNCCCCCC12CNC2O,0.4838709677419355
C=CN(C)C(C=C)(CCNC=O)N(C)O,0.4838709677419355
CCC(COCN)C(C)N(C)NCN,0.4827586206896552
CC(C=CNCN(C)C)=NCN,0.48148148148148145
CC(CC=CC=N)N(N)C(N)O,0.48148148148148145
CCN(C)C(NCNO)NOC,0.48148148148148145
CCC(C)NCNC(C)N(C)CN(C)C,0.48
CCC(C)C(C)NC(C)NOCO,0.48
CCNCC(C)(NC)NCNC,0.4782608695652174
CCC(C)(C)CCCN=CN,0.4782608695652174
CNC(NC)C(N)OC(N)C(C)=O,0.4782608695652174
C=CC[SH](C)C(C)CS,0.47619047619047616
CNC(NC(NC)N(C)C)OC,0.47619047619047616
CC=C=CC(CC)N(C)C,0.47619047619047616
CCON(CC)CNC,0.47368421052631576
C=CN(CN)CC=O,0.47368421052631576
CNCCN(C)NCNC,0.47368421052631576
CN(CC=O)CNCNCNC(O)COCN,0.47368421052631576
C=NC(C)C(C)SCC,0.47368421052631576
CCN(C)C1OC1NC(C[N+](C)(C)CO)NC,0.4722222222222222
CNCN(CNNCO)C(CO)NCCNC#N,0.4722222222222222
COCC(C)N(CCN)OCCCNOCN,0.4722222222222222
CCCC1(NC(C)NC(CC=O)NC)CC1,0.47058823529411764
C=NS(C)(C)CNC,0.47058823529411764
CCNCNCO,0.4666666666666667
C=C(C)OCNC(C=COC)NC,0.4666666666666667
CC(C=O)C(CCNCC=O)C(C)(N)N,0.4666666666666667
C=CCNC(CC=C)CNCOCC,0.4666666666666667
C=NC(C)(C)N(N)CCC(C)C(C)CC,0.4642857142857143
CC(C)C1(C)CC1SCNCN,0.4642857142857143
CCC(C)(NCNC(O)OC)C(C)O,0.4642857142857143
CON(C)NC1CC1(C)C(C)O,0.4642857142857143
CN(CO)C(=N)CNNC=N,0.46153846153846156
CCN(C)CCNC1(C2NN2)CC1(C)C(C)=NC,0.46153846153846156
CCC(C)CCOCNC=N,0.46153846153846156
CCCC(C)(CCC=O)NNC(CO)NCOC,0.46153846153846156
CC[N+](CN)(COCN)C[N+](C)(C)C,0.4583333333333333
CCNCNCN(CC)COC,0.4583333333333333
CCCN(CO)CNOCO,0.4583333333333333
C=CC(C)(CO)CC(C)(O)NC,0.4583333333333333
C=CCN(C)CN(C)CCC=N,0.4583333333333333
C=CN(CN)C(=C)SCC,0.4583333333333333
CCCOCC(C)(NC)N([SH][O])C(=N)NC,0.45714285714285713
CCCNCNCN(CCNCNC)C(C)NCN,0.45714285714285713
CC(N)NCOCOCN,0.45454545454545453
CCC(C)CCOC(C)C(C)OC,0.45454545454545453
C=CN(COC)C(C)C(O)C(C)N(C)C(C)CO,0.45454545454545453
CCCC1C2C3C(O)(OCOC(CC)CC)C123,0.45454545454545453
CC(CCCF)CC(C)(C)C(C)C,0.45454545454545453
C=CN(C(=N)N)N(CO)C(CC)CNC1=NC1=C,0.4523809523809524
CCC(N)C(C)C(=O)C(C)=NC(ON)N(N)CCCO,0.4523809523809524
CN(C)C(=O)NOCN(C)C(=N)[S](N)[O],0.45161290322580644
C=COCC(O)C(O)=CC(C)CCC,0.45161290322580644
COC(CCC(C)C=CCO)NCN,0.45161290322580644
CC(C)CCN1C(C)C1(C)CN=CO,0.45161290322580644
COCOOCC(=O)COC,0.45
CNNC(C)NCOC,0.45
CCC1(CC=CNC)CC1C=O,0.4482758620689655
CC(CC=CNO)COC1NCN1C,0.4444444444444444
C=C[N+](C)(CCNC=O)CNC,0.4444444444444444
CCC=C(CC)SCC,0.4444444444444444
CCCC1SC(C)C1C,0.4444444444444444
CCC(C)C(CN(C=O)CNCOC)C(C)N,0.4444444444444444
CC(CCN(CO)C(C)C)OC=N,0.4444444444444444
C=CCNCNC(C)SCN,0.4444444444444444
C=C(COC)CC(CNCNCC)N=CC,0.4444444444444444
[CH]=NC(O)N(CC)C(C)(C)OCC,0.4444444444444444
CCNC[N+](C)(C)CN,0.4444444444444444
C#CNC1(C(C)O)NC1CN(C)C=C,0.4444444444444444
CNCN(NC(C)COC)C(C)NC,0.4444444444444444
CCNCCCNC(CC)SC(C)(C)C,0.4444444444444444
C=COC(O)C(CN)NCC(N)NCCO,0.4411764705882353
C=C(CCCN)C(N)(CN)CC(C)=NC=O,0.4411764705882353
C=CCC(SC)C(C)C(=C)O,0.44
C.COC#CNCC(O)CN,0.44
C=CNC(N)(O)CCC(C(N)CC)C(N)(O)O,0.4375
CNNC(=N)N(C)N1CC1(CNC(C)C1CC1O)NCN,0.4375
CNC(=O)N(C[S]([O])CC=O)C(C)O,0.4375
CCC(NCNC1CCS1)C(C)OC,0.4375
CCCN(O)CC(N)N(COC)C(C)OC,0.4375
C=NCNC(=O)C1(NC)CCCC1C=NC,0.4358974358974359
C#COCCC(O)C(CC)C1CC1(C)OCO,0.4358974358974359
C#CC(C)=C=C(CN)NC,0.43478260869565216
CNCN(CO)C1OC1C,0.43478260869565216
COCNC(O)N(C)COC,0.43478260869565216
COC(CC(N)N)N(C)CO,0.43478260869565216
OCNCNC1CC2CC21,0.43478260869565216
CCC1SC12CCN2C,0.43478260869565216
CCCOC(C)OCCN(CN)[S](C)[O],0.43333333333333335
CCCC(NCN)C1CC1N(CC)CC,0.43333333333333335
CCNC(CC)C(NC(C)O)OCNC,0.43333333333333335
CCNN(C=CCN)C(C)C(C)CO,0.43333333333333335
CCC(NN)NC(C)OCCC#N,0.43333333333333335
C=CN(CCC)CNCNC(C)O,0.43333333333333335
CCNCC(O)(CC)C(CC)NCOC,0.43333333333333335
CCCC(C(C)CC)C(ON)C(C)C1CC1,0.43333333333333335
C=C(C(CN)OCOCN)C(C)(O)NCNN,0.43243243243243246
CC(N)C(CN)CNC(N)C(C=O)CCN(CO)CN(C)O,0.4318181818181818
CCCN(C)C(CO)(CCO)NC(O)(CCO)C(C)N,0.42857142857142855
CCC(C)CNCNCN,0.42857142857142855
C=C(C)C(C)(N)C(N)C1CNS1,0.42857142857142855
C#C[N+](CC)(CCC)NC,0.42857142857142855
C.CCC(C)C(CC)C(C)C,0.42857142857142855
CNC(CC(C)(CN)OC)N(C)CNCO,0.42857142857142855
CCC(C=O)C(CC)C(C)=O,0.42857142857142855
C=CNC(=C)NC(C)N,0.42857142857142855
CCN(C)C(OC)C(C)C(C)C,0.42857142857142855
CC(O)CC(C)CC(C)OCO,0.42857142857142855
CCCN(C)CNC(NCN)OC,0.42857142857142855
CCCCOC=CC(C)C,0.42857142857142855
C=CC(CCOC=CC)C(C)=O,0.42857142857142855
CCCCSC=CCS,0.42857142857142855
CCSC(C)C1CC1S,0.42857142857142855
CCC(C)C(CCCN)N[SH](C)CC,0.42857142857142855
CCCN(C(N)CC)N(CC)CC,0.42857142857142855
CNCOC(O)(CCNCN)C1(C)CC1,0.42424242424242425
CCNNC(CC)CC(C)(CC)NC,0.4230769230769231
CCOC(O)CC(CC)CC=O,0.4230769230769231
CNCC1NC1COCN(C)C,0.4230769230769231
CC(N)C(CN)CCN(C)NCN,0.4230769230769231
CNC(C)N(C)C(O)NCOC,0.4230769230769231
CCC=C(CC)CC1NC(C)C1C,0.4230769230769231
CCNCNCC(C)CC,0.42105263157894735
CCC(N)N(C)C(C)C(C)N,0.42105263157894735
C#COC(CC)C(CC)CC,0.42105263157894735
CCCNC(NNC)C(C)CNCOC,0.41935483870967744
CC1OCC2(CC2(C)CNO)C(C)O1,0.41935483870967744
C=COC(C)N(C)C1(CN)C2CC21,0.41935483870967744
C=COC(=O)C(CC)C(C)C(O)OC,0.41935483870967744
CNC1OC1NCC(C)C(C)COCO,0.41935483870967744
CCCN(C)C(C)C(C)C(C)OCC,0.4166666666666667
CNC(NCO)N(C)C(N)O,0.4166666666666667
C.C=CCC=CC(CO)OCO,0.4166666666666667
CCCC(C(O)CO)C(O)OCO,0.4166666666666667
C=C(C(OC)ON)C(C(C)N)N(CO)CCC,0.4166666666666667
C=C(COC(O)C(CC)C[SH][O])OCC(C)C,0.4166666666666667
C=CN(C)CNC(N)NC,0.4166666666666667
CCCC=N,0.4166666666666667
CN=C(C)C(NC)SCNC,0.4166666666666667
C=C(C)OC(=O)CC(=O)CCC,0.4166666666666667
CC1(OCCNCN)CC1(CO)CO,0.41379310344827586
C.CC(=O)OC(=C=CN)CCN(C)C,0.41379310344827586
C=CCC(NCCO)NC(O)C(C)C,0.41379310344827586
C=NC1(N)CCC1C(C)C(C)CN,0.41379310344827586
C=CC(NC)SC=CC(=C)CN,0.41379310344827586
[CH]=NC(N)(N)N1CNC1CCO,0.41379310344827586
C=COC(CNCC)CC(C)OC,0.41379310344827586
CNC1C(CN(N)N)CC1(N)OC,0.41379310344827586
CC=C=C1C(=S)N(C)C(C)C1NC,0.41379310344827586
CCNC(C)CC(CC)NSC1CC1,0.41379310344827586
CCOCSC(C)C,0.4117647058823529
CC(N)CC(=O)OC(N)CCN(C)CN(C)CN,0.4117647058823529
CCOSCCO,0.4117647058823529
CCC(C)C(C)C(OC)OC,0.4117647058823529
CCC#CCCCO,0.4117647058823529
C=C(C)CC(=C)CCC,0.4117647058823529
CCN(C)CNC(NCC=O)OCCO,0.4117647058823529
CCCC(C=N)CC,0.4117647058823529
C=C(C=CCO)C=CCC(=C)C,0.4090909090909091
CCC(NC)C(N)(CC)CN,0.4090909090909091
C=C(CCO)NC=CC,0.4090909090909091
CCN(CNC)C(C)(F)CC,0.4090909090909091
CCCC(N)C(C)(CN)C(C)N,0.4090909090909091
CC1CNC(CC2C(C)NC2N)N1,0.4074074074074074
C=C[N+](CC)(CC)CCCC(CC)CCC,0.4074074074074074
CCNCN(C)C(NCO)C(C)O,0.4074074074074074
C=CC(C)C[N+](C)(NC)C(C)CO,0.4074074074074074
CCNC(O)(NC(O)NCN)N(C)C(C)C,0.40625
C=CC(NCCC(C)CN)(OC)C(CN)CN,0.40625
CCCCOC1(O)CC1C(CC)C(N)N,0.40625
CNC(=O)CC(C)NSCNCC(N)=O,0.40625
CNN(C)CCCSC,0.4
C=CC(=NCNCO)C(C)CC(CC)CO,0.4
C=C[N+](C)(CC)N(C)CC,0.4
C=CCC(CCCC)[N+](C)(C)CC,0.4
CCC(CC)CC=O,0.4
CCCCC12C3(C)C1(C)C32C,0.4
C=CNC(C)NCN(C)CC,0.4
C=CC(O)C(CC)(NC(C)OC)C(C)C,0.4
CCC(C)[N+](C)(CC)CC,0.4
CCNC(NC)NCN=C(N)N,0.4
CNC(CO)(CO)N(C)CNC(C)C,0.4
C=NC(=N)C(O)CC,0.4
CSC(C)CC1=CC1,0.4
COCNC1(C)CO1,0.4
CC(N)CC(C)[N+](C)(C=O)C(C)O,0.4
C=CCC(C)(C)C=C,0.4
C=C(OO)C(CS)CC(C)(C)C,0.4
CCCNC(C)NCNC(C)C,0.4
CC(C(C)C(C)(C)CO)N(C)C,0.4
CCCNC(CC)N(CC)C(N)CC,0.4
C=C(CC)C(=C)C(OC)OCO,0.4
CC(N)C=CC(C)(CN)CN,0.4
CCCC[N+](C)(CC)NCC,0.4
C=CC(CC)OC(O)O,0.4
C=CCC(C)(NCO)NCCO,0.4
CCCCC(N)C(C=NC)CC,0.4
C=C(C)[N+](C)(CCC)CNC(O)OCC=CC,0.39473684210526316
C=CCC(NC)NC1CC(=C)C1C(=C)CNC,0.39473684210526316
CCN=C(C)C(COC)C(NC)OCN,0.3939393939393939
CCCC(C)N(C)C(O)N(CC)CNCNC,0.3939393939393939
C=CC(NCNC)C(C)N(CC)COC,0.3939393939393939
CNC(C)C(O)(CC(N)C1OC1(C)N)NC,0.3939393939393939
CNCCC(C)(CN)OC(C)C1CC1N,0.3939393939393939
C=CC1(C(C)(CC)NCCNCC)OC1C,0.3939393939393939
CCOC(C)C(C(C)C)C1(CO)CO1,0.39285714285714285
CC(C)CNC1OC1C(C)C(=N)N,0.39285714285714285
CC(O)C(N(C)C)N(CN)C(N)C=O,0.39285714285714285
CCN(C(C)O)N(C=O)CCCO,0.39285714285714285
CCC(C)N(COC)C(N)OCO,0.39285714285714285
CCC(CNC)=NCCNNCN,0.39285714285714285
CCC(O)C(=O)C(C)CNCNC,0.39285714285714285
CCNC(N)CN(CO)C(O)NC,0.39285714285714285
CCNCCC(CC(O)CC)C(O)NC,0.39285714285714285
CCC1C(CNNC(C)CN)C1(C)C,0.39285714285714285
COC1NC1(O)CCNCN,0.39285714285714285
CCCCNCNC12CC1N2C,0.39285714285714285
C=C(COC)C(NN)OC,0.391304347826087
CCCC=C=C(N)NCC,0.391304347826087
CC(=O)CC(O)CC[SH][O],0.391304347826087
CNC(O)NC(C)N(C)CO,0.391304347826087
CCNC(C)CNC(COCCNC)OCC(C)=NC,0.3902439024390244
CC=CC12CC1C2C,0.3888888888888889
[CH]=NC(C)C(N)CC,0.3888888888888889
CCN(C)C(C)C=N,0.3888888888888889
CN(C)CC=C=CO,0.3888888888888889
C#CCCCNC(C)NN(C)CCC,0.3870967741935484
C=NC(C)CNCC(=N)C1CO1,0.3870967741935484
CCN(C)CNC1NC1(CO)OC,0.3870967741935484
CCCC(NCN)C(=O)C(C=O)C(C)=O,0.3870967741935484
C=CCNCC1CNC2C1C2(C)C,0.3870967741935484
CCOCC1CC1C(C)C(C)O,0.38461538461538464
C=CC(NN(N)N)N(C)CCC,0.38461538461538464
CCNCC(CSCN)=NC,0.38461538461538464
CCOCCOCC=C(C)OCO,0.38461538461538464
CCCC(NOCCN)OCC,0.38461538461538464
C=CN(CC)C(C)CCCC(C)O,0.38461538461538464
CCCC(CC)CC(NC)NCN,0.38461538461538464
C=CNC(C)CC(C)(CC)NC,0.38461538461538464
O=C(CC(CO)CCO)NNCO,0.38461538461538464
C=C1CCCC2C(C)(N)C12O,0.38461538461538464
CCNCNC,0.38461538461538464
CCN(C)C(C)(C)C,0.38461538461538464
CCNCNC,0.38461538461538464
CC(=C=C([O])O)C(C)CNN,0.38461538461538464
C=C(CCCOC(C)NC(C)O)C(C)=NC,0.38235294117647056
CC(NCN)C(=O)NC#CCCCCO,0.38235294117647056
C=C(C1C=CC1O)C(O)(CC(C)CC)C(C)O,0.38235294117647056
C=CCCNCC=CC,0.38095238095238093
CC[N+](C)(OC)C(C)CO,0.38095238095238093
CC[N+](C)(CNC)C(C)O,0.38095238095238093
CCCCC(C=O)OC,0.38095238095238093
CCCCOC(N)OCN,0.38095238095238093
CCCC(SC)C(S)(CC)CC,0.38095238095238093
CCNCC(CC)CC(C)CC,0.38095238095238093
C=C(CC)NC(NCO)C(O)CCC,0.3793103448275862
NCC(N)C(CO)CC(=O)CCC(N)O,0.3793103448275862
C=CCCC(C)(O)C(C)NC(C)NO,0.3793103448275862
C=CNC(CCNCN)N(CC)CC,0.3793103448275862
CNC1OC1CCNCCN(C)O,0.3793103448275862
CCNCCC1CC1C(C)(O)NC,0.3793103448275862
C=CC(C)C1NC(C(=C)CCN(C)CO)O1,0.3783783783783784
CCNCNC(C)N(CC)CC(=O)CO,0.375
CCCOC(C)C(C)C,0.375
CCC(C)=CN(C)C1CN1,0.375
CNCC(N)C(C)(C=O)NC,0.375
CCCC(CC)SC,0.375
CCCOC(N)CNCO,0.375
CCC(C)COO,0.375
CCC(NC)OC,0.375
CCNCCCC(N)C(N)NC,0.375
CCCC1(N)C(C(N)CC)C1(C)C,0.375
CCCC(CC)CC(O)NC(C)O,0.375
CCC#CCCC(C)CCCN,0.375
C=CC(CCC)CNCCC(N)NCN,0.375
COC(N)(C=CCCN)C(C)C(C)(O)C(C)C,0.375
CCNC(CC)NC,0.375
COC(CC(C)C)NC(=O)C(N)SCN,0.375
CCC(C)CNC(CNC)OC,0.375
CCOCC(C)C(C)(CCN(C)O)NC,0.375
CCNC(CC)NC,0.375
C=CNC(N)CC(=C)C(C)N,0.375
CNCC1(C)CC1(C)C,0.375
CNC(N)CC(CCN)OC,0.375
CCNCCC(C)(C)C,0.375
C#CC(=N)N(CCC)C(C)(N)CNCO,0.37142857142857144
CNC1(N)CC(C)(COC)C1C,0.37037037037037035
C=CC(CC(C)NCC)=NCC,0.37037037037037035
C=C(CNCC(C)CC(C)CC)NC,0.37037037037037035
C=CC(C(N)N)C(N)OCOCCN,0.37037037037037035
CCNCCCCN(CC)OC(C)C,0.37037037037037035
C=C(CC)CNN(CC)CCNC,0.37037037037037035
CCCCNN(C)C(C)OCO,0.37037037037037035
CCCCOC(C)CNN(C)CC,0.37037037037037035
C=CCCNNC(CC)C(=C)C,0.37037037037037035
CCCCC(C)=C=CC(C=O)(CO)CCOC,0.3684210526315789
C=CC(C)CCC(C)CCC(C)C,0.3684210526315789
CC=CNCCN(C)C,0.3684210526315789
CC(CO)CCNCO,0.3684210526315789
C=CC(CC)C(OC)OC,0.3684210526315789
CC=CC(C)C(O)OC,0.3684210526315789
CCCOCC(CCO)C(C)C(C)=O,0.36666666666666664
C=CSC(C)OC(CO)CNN,0.36666666666666664
CCCCCC(NCNCNC)N(C)O,0.36666666666666664
C=CNC12CC1(C)C2CCCCC,0.36666666666666664
CNCC(OC)N(CCCO)COC,0.36666666666666664
C=CC(SC)C1CC1O.CC,0.36363636363636365
CCC(O)(OCN)C(C)N,0.36363636363636365
CCC(N)NCC1(CC(C)CO)OC1C,0.36363636363636365
CCN(CNCNC)C(C)C,0.36363636363636365
CC(N)CC(CC(C)C=O)C(C)C,0.36363636363636365
C=C(CCO)CCNCC,0.36363636363636365
CCCCC1CC1C(CC)CC,0.36363636363636365
C.C=C(C)[C]=[SH],0.36363636363636365
C=C(CO)C(C)C(N)OCC,0.36
CCCC(OC)C(CN)=NC,0.36
CCCOCC(C)OCC(C)COC,0.36
CNCN(C)NC(=N)C(C)N,0.36
C=CCC(C=C)(CC)CC(C)=O,0.36
CCC(CO)C(CC(C)C)C(C)CCl,0.36
C=CC(C)C(C)C(=C)OCCC,0.36
C=CCCCCC(CNC)CNC=C,0.35714285714285715
CC(=N)NCCN(CO)C(C)C(C)C,0.35714285714285715
CC(C)CC1CC2(C1C)C1C3OC312,0.35714285714285715
C=CCC(C)C(C=CCC)CCCC,0.35714285714285715
CC(NCN)C(O)CCCOCN,0.35714285714285715
CCCCC(N)C(S)(CN)CNC,0.35714285714285715
CNNC(C)Nc1cncc(C)c1C,0.35714285714285715
CCCCOCN(C)CNC=O,0.35714285714285715
C=NCCC(=C)NNCCCCC,0.35714285714285715
CC(CCO)CCCN(C)CNCO,0.35714285714285715
CCCCCC(C)CC(C)OCOOC,0.35714285714285715
CCNCCC(CC)NCC(C)OC,0.35714285714285715
CCNCN(C)C,0.35714285714285715
CC(C=O)CNC(C)CN(C)CO,0.35714285714285715
CNCCSCNC(CO)OC,0.35714285714285715
CCC(C)CC(C)NC(N)(O)CC(C)OC,0.3548387096774194
C=CCC(O)(NC)N(CCN)CCO,0.3548387096774194
CCC(C)C1(CO)NC(O)C1CCN,0.3548387096774194
CC(=O)NCNC(C)CCNCC=O,0.3548387096774194
CCC(C=O)CC(C)(COC)C(=O)O,0.3548387096774194
CC(=O)C(C)NC(O)OCN(C)CCN,0.35294117647058826
C=C(CC)CSCC,0.35294117647058826
CCCC(C)(O)C(=O)C(C=C=O)CNC,0.35294117647058826
C=CCC(C)OC.CC,0.35294117647058826
CCC(C)(C)CC(C)C(C)C,0.35294117647058826
CCC(C)COC(C)CC,0.35294117647058826
C=CC[S]([O])CC(C)(CC)CCNC(C)C,0.35294117647058826
CCC(CC)COCN,0.35294117647058826
C=C(C)[N+](C)(C)CCC,0.35294117647058826
CC(OCS)N(C)C,0.35294117647058826
C=C(CC)C(O)CC,0.35294117647058826
CCCC(CC)SCC,0.35294117647058826
CCC1N2CC(C(=O)O)(CC2C)N1CC(C)C,0.35135135135135137
C=CC(C)CC(=C)CC,0.35
CCCC1NC1(C)CCC,0.35
CNC(OC)C(C)CC(C)C,0.35
CCCCC(C)N(C)C(C)CC,0.35
CCCC(O)ONN,0.35
CNCSCCCCO,0.35
CCNC(C)C(CC)C(C)O,0.35
CCNCN(C)C(C)O,0.35
C=CC(CO)=NCC,0.35
CCCC(C)NN(C)C(C)C,0.35
C=C(C)CC(C)C(C)(N)CN,0.34782608695652173
CCOCOCCC(C)CO,0.34782608695652173
CCC(CCC(N)(N)OC)OC,0.34782608695652173
CN=C(C)C(=N)NCCO,0.34782608695652173
C=CC(O)C(OC)OCC,0.34782608695652173
CCCC[N+](C)(CCC)CNCCC,0.34782608695652173
CNCOCN(C)CCO,0.34782608695652173
CCCCOC(C)CCOCCC,0.34782608695652173
C=CSC1(CCC)CS1,0.34782608695652173
CNCNCCOC(N)CO,0.34615384615384615
C=CCC(C)CCCOCO,0.34615384615384615
CCC1OC2(CC1CCl)C(C)C2C,0.34615384615384615
CCCC1(C)CC1NC(C)CC,0.34615384615384615
C=C1CC(CNCN(C)C)N1,0.34615384615384615
C[N+](CN)(CO)CCC1CN1,0.34615384615384615
CCCC1(C(C)COCO)CC1,0.34615384615384615
CCC(NCN)OC1CO1,0.34615384615384615
C=CCCNCN(C)CCN,0.34615384615384615
C=C(N=C(C)C1CC1CN)NC,0.3448275862068966
CCOC(OC)C(C)CCC=CCO,0.3448275862068966
CCC(=O)CCCC(C)(CCCO)OC,0.3448275862068966
CCNCNCCCCCC(C)(O)C(C)C,0.3448275862068966
CCCC(COC)C(O)COCCF,0.3448275862068966
COCCC(NC(C)NC(C)=O)OC,0.3448275862068966
COC[N+](C)(CO)CCNC(C)CO,0.3448275862068966
CCN(CO)CCNC(NC)OC,0.3448275862068966
C=CONC(=O)CC(CC)NC,0.3448275862068966
CCC(O)CCC(C=O)(CNC)OC,0.34375
CCC(C)OC(CO)C(C)(C)C1CCC1O,0.34375
CCCCOC(C)CCC1CC1OCCC,0.34375
CC(COC(C)(C)N)CN(CO)NC1CC1,0.34285714285714286
CNCCC(NCO)OC(CC#N)N(C)C,0.34285714285714286
CNCC(C)N(C=O)CO,0.3333333333333333
CCC(C)C(CCOC)C(O)CC,0.3333333333333333
C#CCC(C)OC(CO)C(C)CC,0.3333333333333333
CNCNCC(C)NC,0.3333333333333333
CNCC(C)N(CNC)C(C)=N,0.3333333333333333
CNCC(C)NSC,0.3333333333333333
C=CCCCC(O)NC(N)CNC,0.3333333333333333
CCCC(C)(NC)C1CC1,0.3333333333333333
CC(C)CC(C)(C)CCN,0.3333333333333333
CCCC(O)C[N+](C)(C)CO,0.3333333333333333
CCC(N)CCCC(CC)C(C)CN,0.3333333333333333
CCCC(N)C1CCCC1NC,0.3333333333333333
CC=C(C)CC1(C)CCC1,0.3333333333333333
CNC(C)C(CNCO)OC,0.3333333333333333
CCCC1(C)NC1CN,0.3333333333333333
C=CC(=C)C(OCC)(C(C)CC)N(C)C,0.3333333333333333
CNC(NC)NCCC(C)C,0.3333333333333333
COC1C(C)N1CCN,0.3333333333333333
CCCC(COC)C1NCO1,0.3333333333333333
CC=CC(C)CC,0.3333333333333333
CNC(C)C(C)OC,0.3333333333333333
C=CC(C)CCNCNCCC,0.3333333333333333
CCC[N+](C)(C)CCNC,0.3333333333333333
C#N.CN,0.3333333333333333
COCOC(C)(O)CCO,0.3333333333333333
CCC1CC1C1C(CC)C(C)C1NC,0.3333333333333333
CNCOCNCCOC,0.3333333333333333
C=CC(CCN)CC(O)CC(CC)OCC,0.3333333333333333
COCCCN(C1CC1OO)C(C)(N)N,0.3333333333333333
COC(C)CC(C)(O)CNCN,0.3333333333333333
C.CCCCCCNCC=N,0.3333333333333333
CNCSC,0.3333333333333333
C=CCC(C)C(=O)CC,0.3333333333333333
C=C(CCC)CCC(C)CC,0.3333333333333333
C=C(CNC(=O)NC)C(O)O,0.3333333333333333
CCOC(NCC(O)CCN)NC(C)CN,0.3333333333333333
C=CCC=CC(C)[N+](C)(CC)CCO,0.3333333333333333
C=C(C)NCC(C)(CC)OC,0.3333333333333333
CCNC(CN)C(C)(CO)OC,0.3333333333333333
CCC(C=O)COC(C)C,0.3333333333333333
CCN(C)CNC,0.3333333333333333
C#CC(CCC)(CNC)NCC=C,0.3333333333333333
CO,0.3333333333333333
C=C(CC)CCCCN(O)CC,0.3333333333333333
CCCC(C)CCCNCC,0.3333333333333333
C=CCNCC(C)CC,0.3333333333333333
CCCCOC(C)(N)OCC,0.3333333333333333
CCCCCC1SOC1COC,0.3333333333333333
C=CC(CC)C(CCC)CCO,0.3333333333333333
CCC(CNC)CC(C)N(C)CC=N,0.3333333333333333
CNCCNC(C=O)C=CCO,0.3333333333333333
CC(O)C(C)C1OC1(C)C,0.3333333333333333
CCC(C)NCC(C)(CC)CN,0.3333333333333333
CCCNC(CC)NC,0.3333333333333333
CCC(C)CC(C)C(C)C,0.3333333333333333
C=CC(=O)NC(C)(CO)OCCCNCNC,0.3333333333333333
CCC(NCO)C(C)C,0.3333333333333333
CN=C(C)C1CC1C1CN1C,0.3333333333333333
C=COCC(NC)N(CCO)CCCC,0.3235294117647059
C=CC(O)[N+](C)(CC1CC1N)C(N)NC,0.3235294117647059
CCCC(CCC(C)(C)CC(O)CC)COC,0.3225806451612903
C=COC(C)(O)CCC(C)CCCCC,0.3225806451612903
CC(NCCCCC(N)C=O)OCN,0.3225806451612903
CCC(NCCCO)C(C=O)CO,0.32142857142857145
CCNCC(CNC)C(C)C1=CC1,0.32142857142857145
C=CCCCOCC=CC(C)O,0.32142857142857145
CCC(CC(NCO)C(C)C)NC,0.32
C=C(CCOC)OC(O)CC,0.32
CC(CNCCCO)CNC(C)O,0.32
C=CC(CCC)OCC(C)O,0.32
CC(CN)CC(C)(C)NCCO,0.32
CCCC(CC)C(N)CNCO,0.32
CCOCC(CCCO)OCO,0.32
COCOCCCOCCC1(C)CC1,0.32
CCCC(O)C(CC)C(C)(CC)CO,0.32
COCC(=O)CCN(C)CO,0.32
CC#CCC(C)NCNC,0.3181818181818182
CCC(SC)C(O)CN(C)C,0.3181818181818182
CCCC(CC)COC(C)N,0.3181818181818182
C=C(C)CN(CC)CNC,0.3181818181818182
C=CCC(O)CC(C)CC,0.3181818181818182
CC=CC(C)C(C)(C)NCC,0.3181818181818182
CCCCC(CCN)NCC,0.3181818181818182
C=C(O)CC(CC)CCO,0.3181818181818182
COC(C)(C)C(N)C(C)CO,0.3181818181818182
C=CC(CO)CCCO.CNC,0.3157894736842105
CCNC(CC(C)C)NC,0.3157894736842105
CCC(C)(CC)N(C)CC(C)C,0.3157894736842105
CC(C)C(=N)N(C)CN,0.3157894736842105
CCNC(C)CCC(O)O,0.3157894736842105
CCCC(C)(CO)C(C)(C)Cl,0.3157894736842105
CCC(C)C(C)(O)C(O)CC,0.3157894736842105
CCCCC(N)SCC,0.3157894736842105
CCC(C)C(CO)OC,0.3157894736842105
C=CC(C)C(=C)CO,0.3157894736842105
C#CCCC(C)CCC,0.3157894736842105
CCCC(CC)C(C)CC,0.3125
CCCC(C)CC(C)CC,0.3125
CCN(CN)CO,0.3125
C=CCC(CNCCNC(C)O)=NC,0.3125
CCNC[N+](C)(CC)CC,0.3125
C.CCC(O)C=CO,0.3125
C=CC(O)COCCOC(O)N(C)CN,0.3125
CCNCC(C)CC,0.3125
CCCC(CC)C(C)CC,0.3125
CCC(C)C(C)CC(C)N,0.3125
CSCCC(C)O,0.3125
C=C(C)COCC.CCO.N,0.3125
CCC(CN)=NC,0.3125
CCCCC(C)C(C)CC,0.3125
C=CCN(C)C(CO)C(CC)NC,0.3103448275862069
CC(C)CCCCCOCNC(C)NCO,0.3103448275862069
CCC(CCC(C)NC)CN(CC)CO,0.3103448275862069
C=C1CC(OC)C1CCCNCC(=O)CC=N,0.30952380952380953
CNC(=O)C(CCO)CC(C)O,0.3076923076923077
C#CC(CCC(C)NC)COC,0.3076923076923077
C=CCC(C)(O)COCOCC,0.3076923076923077
CCC(C)NCCCOC(O)CC,0.3076923076923077
C=C(CC)CCC(C)CNNC,0.3076923076923077
C=CCC(C)CC=C,0.3076923076923077
CCC(C)OC,0.3076923076923077
COCCC(C)(C)CCCCCC=O,0.3076923076923077
CCC(C)(C)C(C)C,0.3076923076923077
C=C(C)C(CNC)CNCC,0.30434782608695654
CCCCOCC(N)(N)NC,0.30434782608695654
CCOCC(C)(O)CC(C)O,0.30434782608695654
CCN(C)C(C)(CC)CCCN,0.30434782608695654
CCCCOCOCCC(C)CCC,0.30434782608695654
C=C(C)C(C)N(CC)CN(C)C,0.30434782608695654
CCC(CNC)C1CC1N,0.30434782608695654
CCCC(C)C(NCC)C(C)NC,0.30434782608695654
C=CNCCN(C)CCO,0.30434782608695654
CCCCCCC(C)CCC=N,0.30434782608695654
CN(O)CC(C)(N)CCCN,0.30434782608695654
C=CC(C)OCC(C)CCC,0.30434782608695654
CNCCSCN(C)CO,0.30434782608695654
CCCNC(N)C=O,0.3
CCC1=CC1C(C)O,0.3
OCNCCNCO,0.3
C=CC(C)(CCC)C(C)C,0.3
CNCN(C)CC(C)N,0.3
CCN(C)C(C)CNC(O)CCOC,0.3
CCOCOCOCCCO,0.3
CCCC(CNCC)NC,0.3
CCCCC(N)C(CC)CC1CCN1,0.3
CC(N)C(F)CN(CCO)COC(F)F,0.3
CNCC(N)C1(C)CC1,0.3
CCC1CC1CCNC,0.3
CCC(C)C1CC1(C)S,0.3
C=C(CC)CC,0.3
CCC(C)=CCCCC(=N)NC(O)O,0.3
CCCC(CC(CNC)C1CN1)NC,0.3
C#CCCCCCC(N)NC=O,0.2962962962962963
CCCSCN(CO)CCCN,0.2962962962962963
C=CC(CC)CCC,0.29411764705882354
CCNCNCCN,0.29411764705882354
CCOC(C)OCC(C)C,0.29411764705882354
CCOCC(O)CC,0.29411764705882354
CC(C)CC(C)NCN,0.29411764705882354
CCCNC(C)NC,0.29411764705882354
CC(S)C(O)CCO,0.29411764705882354
CCC(C)OCOC,0.29411764705882354
CCCCNCNC,0.29411764705882354
C=CC(CC)CS,0.29411764705882354
CCCCOC(O)O,0.29411764705882354
CC(CN)NCO,0.29411764705882354
CCCC(C)(C)CC(C)C,0.29411764705882354
CCCC(N)(CC)N(C)CC(C)C,0.2916666666666667
CSCCCCNC(C)(N)O,0.2916666666666667
C=CCCC(CNC)NN,0.2916666666666667
CCCCC(O)C(CO)C(C)N,0.2916666666666667
CCCCCCNCN(O)CCCCC,0.2916666666666667
C#CCC(C=C)CCCC,0.2916666666666667
CCN(CC)CCNCC(C)(C)NC,0.2916666666666667
CCC(C)(O)NC(=O)NNC,0.2916666666666667
CCCCCNCCC(O)NC1CN1,0.2903225806451613
C#CC(C)(CNC(=C)C)OCCO,0.2903225806451613
CCCCC(CC)OCCC(=O)CCO,0.2903225806451613
CCCNC(C)NCCC,0.2857142857142857
CC(O)C(CO)C1CN1,0.2857142857142857
CCCOC(=O)C1CC1NCC,0.2857142857142857
CNCNC(C)C,0.2857142857142857
CCC(CNC)CC(C)O,0.2857142857142857
C#CCC(CC)CCCC,0.2857142857142857
CCC(CC(C)COC)OC,0.2857142857142857
C=C(CC)CNCCNC,0.2857142857142857
CC1OC1C(O)C(C)(N)O,0.2857142857142857
C=C(C)CC(C)N(C)C(C)CCCCN,0.2857142857142857
CCCC(C)(CC)C(C)NC1CO1,0.2857142857142857
CCCNC(C)CON,0.2857142857142857
C=C(C)CC(C)C,0.2857142857142857
CNCNC(C)CCNC(C)C,0.2857142857142857
CCNC(C)CC,0.2857142857142857
CCNCC(C)C,0.2857142857142857
CCC(S)CO,0.2857142857142857
CNCNC(C)C,0.2857142857142857
CCOCNCN(C)CCCNC,0.2857142857142857
CCCCCCC(CC)(CCO)OC,0.28
C=CCCCOCCC(C)O,0.28
CC(C)CCNCCNC1CO1,0.28
C=CCCC(C)(O)COCC,0.28
CCCCCCNCN(CC)CS,0.28
C=CCCCC(N)C(=C)CC,0.28
CCC(=S)C(C)CN,0.2777777777777778
CCC(N)(O)CNC,0.2777777777777778
CNC(C)NCCN,0.2777777777777778
CN=C(C)C(C)(C)CO,0.2777777777777778
CCCC(C)(C)CCCO,0.2777777777777778
CCC(N)CC(CC)CN,0.2777777777777778
C=CCCN(C)CC,0.2777777777777778
CCCC(C)CC(C)CCN,0.2777777777777778
CCCCCNCNC,0.2777777777777778
C=CC(C)COC(C)C,0.2777777777777778
CCC(CNC)N(C)C,0.2777777777777778
CCCCCC(C)CCC(C)CC,0.2777777777777778
CCCCC(CO)CCC,0.2777777777777778
C=CCCN(C)CC,0.2777777777777778
C=C(CCCCC(CC)CO)OCC,0.27586206896551724
CCCC(C)(CCCC(C)O)COCC,0.27586206896551724
C=CC(=C)C(CNCCNC)N(C)C,0.27586206896551724
CCCCCCCC(C)CC=O,0.2727272727272727
CCCOCC1OC1COC,0.2727272727272727
CCC(C)CCC(C)CC,0.2727272727272727
CCCC(C)NCN(C)CC,0.2727272727272727
CCNC(CCNC)N(C)C,0.2727272727272727
CCCCC(O)(NC)OC,0.2727272727272727
C=CCN(CC)CCN(CC)CN,0.2727272727272727
CCC(C)C(C)C,0.2727272727272727
CCCCSCC1CC1C,0.2727272727272727
COC(N)O,0.2727272727272727
CCCN(C)C(CN)CO,0.2727272727272727
CNCC(NC=O)C(C)NCCCC(N)OC,0.2702702702702703
C=CC(CCCNC)C(C)CC,0.2692307692307692
CNCCCCNCN(C)C(C)CCNC,0.2692307692307692
CCCCN(C)C(C)CCNCC,0.2692307692307692
CCCCC(C)CCC,0.26666666666666666
CCC(C)CCCl,0.26666666666666666
CCN(C(=O)CCO)C(=O)NCCNC,0.26666666666666666
CC[N+](C)(CC)CNC,0.26666666666666666
CCCC(C)(C)OC,0.26666666666666666
CCC(N)CCN,0.26666666666666666
CCC(CC)CC(C)N,0.26666666666666666
CCCCC(CC(C)O)C(O)CCCCOC,0.26666666666666666
CCCCN(C)N,0.26666666666666666
CCOCOCCN(C)C,0.2631578947368421
C=C(N)CC(C)C(C)O,0.2631578947368421
C.CCCC(C)C1CC1C,0.2631578947368421
CC(C)(O)CC(O)CCO,0.2631578947368421
CCCOCOCC(C)C,0.2631578947368421
CNCCN(O)CCO,0.2631578947368421
CCCCC(=O)CCN,0.2631578947368421
C=CCCC(O)CCO,0.2631578947368421
CCNC(=O)CCN(C)CC,0.2608695652173913
CCC(CC(C)=O)C(C)C=O,0.2608695652173913
C=CC(=C)C(CC)CCCC,0.2608695652173913
CCC(O)C(O)C(CO)COC,0.2608695652173913
CCCN(C)CC(C)CCO,0.2608695652173913
CCCCC(C)N(C)C(C)=O,0.2608695652173913
CN=C(C)C(CN)CC(=O)OC,0.25925925925925924
COCCN(C)CCC(N)(O)OO,0.25925925925925924
CCCCOCCC(CO)C(C)CC,0.25925925925925924
CNC1C(OCCO)CC(N)C2CC21,0.25806451612903225
C=CC(C)C(C)CCCC,0.25
CCCC(CC)OC,0.25
CC(CO)CCCCNC(C)N,0.25
CCC(C)NC(C)CC,0.25
CCCCC(N)CNC1C(C)C1O,0.25
CCCCCC(C)C(C)(C)CC,0.25
CCCC(CC)CC,0.25
CC(CO)CCCN(C)CN,0.25
CC(C)C,0.25
C=C(C)OC(O)CCCCOC(C)C,0.25
CCCC1CC1CCCO,0.25
C#C.CC.CCC,0.25
CCCCC(CC)CNC,0.25
CC(C)C,0.25
CCN(O)C(C)CNC,0.25
CCCC(O)CCOCC,0.25
CCCC(C)(N)NCCCO,0.25
C=CCCCOCCC,0.25
CCCOCCCCOCC(C)CO,0.25
CCNC(C)C(C)O,0.25
CCCN(C)CC(CC)CNC,0.25
CCCCOCOC(C)CO,0.25
CC.CCC(C)(C)C,0.25
C.CCC,0.25
CSCC(CCS)C(C)C,0.25
C.CCC.CCO,0.25
CCCCOCO,0.25
CCC(O)CCCNCC(C)CNC,0.25
C.C=CCCCCOCO,0.25
CCC(NC)C(C)NC,0.25
C=C(CNC)CN(C)CCC,0.25
CC.CCC,0.25
CC(C)C,0.25
OCC(CO)CO,0.25
CNC(C)(C)C,0.25
C=C(CC)CCCC,0.25
CCCNCCNCN(C)CC,0.25
CCCC(CC)CC,0.25
C=CCCC,0.25
CCC(C)(C)C,0.25
CC(C)C,0.25
CC(COCCO)NC1CO1,0.25
CCCCC(CC)NC(C)C,0.25
C=CCC(CO)CCCCC,0.25
CCCC(C)CC(CNC)C(C)O,0.24
CC=CC(C)CCCCCCC,0.23809523809523808
CCC(C)N(C)CC(C)NC,0.23809523809523808
C=CCCCCC(C)CC,0.23809523809523808
CCN(CC)CC(=O)NCC1(OC)CC1CNC,0.23684210526315788
COCCNCN,0.23529411764705882
CC(O)C(O)CCCO,0.23529411764705882
CCCCC(CCC)C(C)C,0.23529411764705882
CCCC(C)C(O)CC,0.23529411764705882
CCC(C)C1OC1C,0.23529411764705882
CCC1CC1OC,0.23529411764705882
CNC(C)C(C)(N)O,0.23529411764705882
C=C(CC)C(=C)CCO,0.23529411764705882
CNC(NCCCN(C)CCO)OC,0.23333333333333334
CCCC(C)CC,0.23076923076923078
CCCN(C)CC,0.23076923076923078
C=C(C)CCC,0.23076923076923078
CCCC(C)O,0.23076923076923078
CCCC(C)CC,0.23076923076923078
C.CCCN(C)CC,0.23076923076923078
CCCC(C)CC,0.23076923076923078
CCC(C)CC(C)C,0.23076923076923078
CCC[N+](C)(CC)CCC,0.23076923076923078
CCCC(C)CC,0.23076923076923078
CCCC(C)O,0.23076923076923078
CCCCCNCN(C)CCCC,0.22727272727272727
CCC(CCCO)C(C)=O,0.22727272727272727
CCCCCCNC(C)OC,0.22727272727272727
C=CCCCOCCCCCOCC,0.22727272727272727
CCC(C)CC,0.2222222222222222
CNCO,0.2222222222222222
CCC(COC(C)C)C(C)C,0.2222222222222222
CCC(C)CC,0.2222222222222222
C=CC(C)CCCC(C)C,0.2222222222222222
CCCCC(CCCC)COC,0.2222222222222222
CCC(C)C(C)CC,0.2222222222222222
CCCCCC(O)C(O)CC,0.2222222222222222
CCCC(C)NCN,0.2222222222222222
CCC(CS)CNC,0.2222222222222222
CCN(CC)C(C)CC(C)O,0.2222222222222222
CCC(=O)CCCO,0.2222222222222222
CCCC(CC)CNC,0.2222222222222222
CCC(CCO)NC,0.2222222222222222
CCCCCC(C)OC,0.2222222222222222
CCC(C)CC,0.2222222222222222
CCC(C)C(C)CC,0.2222222222222222
CCC(C)CC,0.2222222222222222
CCC(N)CC(C)CCNC,0.21739130434782608
C=CC(C)(C=C)CCCCCC(C)C,0.21739130434782608
CCCCNCC(CC)CO,0.21739130434782608
CCC(C)CCOCCCO,0.21739130434782608
CNCC(C)=S,0.21428571428571427
CCCN(CO)CCC,0.21428571428571427
C.CCCC(N)O,0.21428571428571427
COCCSC,0.21428571428571427
CCC(C)CCCNC,0.21052631578947367
CCCCNC(C)NC,0.21052631578947367
CCC(C)C(N)CNC,0.21052631578947367
C=C(C)CCNCCC,0.21052631578947367
CC(N)N(C)CCCCN(C)C,0.21052631578947367
CCSCCOC(C)C,0.21052631578947367
C=CCNCCNCCC,0.21052631578947367
C=CC(C)CCCCC,0.21052631578947367
CCCC(O)CC(O)C(C)C,0.21052631578947367
C=C(CC)CC(O)CCCCC,0.20833333333333334
C=C(CN)NCCCC(C)C,0.20833333333333334
CCCC(CN(CC)CCC)NC,0.20833333333333334
CCC(C)NCC(C)NCCOC,0.20833333333333334
C=C(OCCCCN)C(O)CCC,0.20689655172413793
CCC(O)CC(C)C,0.2
CCC(C)O,0.2
CCCC,0.2
CCC(C)C1CC1,0.2
CCC(C)C(C)NC,0.2
CCCC(CCCO)C(C)C,0.2
C.CCCC.CCO,0.2
CCCCCC(CC)CC,0.2
CCCC(CC)C(C)C,0.2
CCN(CCO)CNC,0.2
CCCC(C)CO,0.2
CCCC(C)CCC(C)(C)O,0.2
CCC(CC1CC1)OC,0.2
CC.CCCC,0.2
C=CC(C)CCCCCC,0.2
CCC(C)C[N+](C)(C)C,0.2
CC(CO)CO,0.2
C=CCCOC,0.2
CNCC(=O)C(CO)CNCCN,0.2
CCC(CCCO)OC,0.2
CCNC(CCCN(C)C)CNC,0.19230769230769232
COC1(C)CC(COCCN)C1,0.19230769230769232
C=C(CO)C(CCN(C)C)NC,0.19230769230769232
CCCNCCC(CC)C(C)C,0.19047619047619047
CCCCCCNNCCOC,0.19047619047619047
C=CCN(C)CCCO,0.19047619047619047
CCNC(CO)COC,0.19047619047619047
CCC(C)CCCC(C)C,0.1875
CCCCCCCNCC,0.1875
CNC(C)CCN,0.1875
CCCCCCC=O,0.1875
CCCC(C)CCC,0.18181818181818182
CC=CCC,0.18181818181818182
CNCC(N)CC(O)CO,0.18181818181818182
CCCC(C)CCC,0.18181818181818182
CCC(C)(O)CC.CO,0.18181818181818182
CC=CCC,0.18181818181818182
C=CC(C)O,0.18181818181818182
CCCOC,0.18181818181818182
CCC(CC)C(C)C,0.18181818181818182
C.CCCCS,0.18181818181818182
CCCCNCC(CN)CCCO,0.17857142857142858
CCCC(CN)CC(C)NC,0.17391304347826086
CNC(COC)CC(C)=O,0.17391304347826086
CNCCC(N)CN,0.16666666666666666
CCCCN(CC)CO,0.16666666666666666
CCCCCCCNCC(C)CNC,0.16666666666666666
CNCCO,0.16666666666666666
C.CCC(CC)NC.CO,0.16666666666666666
CCNCCCCCCN,0.16666666666666666
CCNCCCN(C)C,0.16666666666666666
CCCCCC(C)CO,0.16666666666666666
CCN,0.16666666666666666
C#C.CCCC(N)CNC,0.16666666666666666
CNC(C)CC(C)NC,0.16666666666666666
CCCCC(C)NCC,0.16666666666666666
CCC=C(C)CCCCC,0.15789473684210525
CNCCNCCCCO,0.15789473684210525
CCCCCCC(NC)C(C)=NC,0.15384615384615385
CCCNNC,0.15384615384615385
CCC(C)NC,0.15384615384615385
C=CCN(C)CCCC,0.15
CCCC(C)OCCOC,0.15
C.CCC(CC(C)=O)NC,0.15
CCC(CCCN)NC,0.15
CCCNC(C)CCO,0.15
CCOCC(C)C,0.14285714285714285
C=C(O)CCCCCOC,0.14285714285714285
CCCCC,0.14285714285714285
C=C(C)NCCCCCCN,0.14285714285714285
CNCCN(C)C,0.14285714285714285
C=CCCCCC,0.13333333333333333
CCCNCCO,0.13333333333333333
CCCC(O)CCCCOCC,0.13043478260869565
CCC(C)C,0.125
CCC(C)C,0.125
C.CCNC,0.125
CNCCC(C)NC,0.125
CC(C)C(C)N,0.125
OCCCCCO,0.125
CC.CCCN,0.125
CCCC(=O)NC,0.125
CCNC,0.125
CC[N+](C)(C)C,0.125
CNC(C)C,0.125
COCCC(=O)O,0.11764705882352941
CCCCC(C)NC,0.11764705882352941
CCNCCNC(C)C,0.11764705882352941
CC(C)CN,0.1111111111111111
CCCN(CC)CC(C)C,0.1111111111111111
CNCCCC(C)NC,0.1111111111111111
CCCNC(=O)NC,0.1111111111111111
CCCNC,0.09090909090909091
CCCC(C)C,0.09090909090909091
CCCNC,0.09090909090909091
CCCC(C)C,0.09090909090909091
CCC.CCCC(C)C,0.09090909090909091
C.CCCNC,0.09090909090909091
CCCCO,0.09090909090909091
CCCCN,0.09090909090909091
CCCC(C)C,0.09090909090909091
CCCN(C)CCNC(C)=O,0.08695652173913043
CCCCNCCCC,0.08333333333333333
CCCC(O)CCC,0.08333333333333333
CCCCC(=O)OCC(CCC)CCC,0.08
CCCCOC,0.07692307692307693
CCCCOC,0.07692307692307693
CCCCCCCO,0.07692307692307693
CNCCC(C)C,0.07142857142857142
C=CCOCCOCCCCC(=O)OC,0.06896551724137931
CCNC(=O)CC,0.06666666666666667
CCCCCCCCCCNCCC,0.0625
CCCCCC(O)CCC,0.058823529411764705
COC(=O)CCCCCO,0.047619047619047616
CCC(CO)NCCNC,0.047619047619047616
CCCCCC(C)C,0.0
CCCCCOC,0.0
CCCCCNC,0.0
C.COCCCCNC(C)C,0.0
CCCCCOC,0.0
CCCCCC,0.0
CCCCCCCCC,0.0
CCCCCCCN,0.0
CCCCCCC,0.0
CCCCCC(C)(C)O,0.0
CNCCCCC(C)C,0.0
CCCCCCC,0.0
CCCCCOC,0.0
COCCCCCCCOC,0.0
CCCCCC(C)(C)O,0.0
CCCNCCC,0.0
CCCCCC,0.0
CCCCCC,0.0
CCCCCCC,0.0
